{
  "christian mccaffrey": 0.2163,
  "jalen hurts": 0.09,
  "saquon barkley": 0.1164,
  "ceedee lamb": 0.1222,
  "bijan robinson": 0.183,
  "puka nacua": 0.163,
  "justin herbert": 0.059000000000000004,
  "bucky irving": 0.1325,
  "dak prescott": 0.0793,
  "baker mayfield": 0.0278,
  "kenneth walker": 0.276,
  "jonathan taylor": 0.1336,
  "kyler murray": 0.031,
  "jaxon smithnjigba": 0.182,
  "marcus mariota": 0.174,
  "bo nix": 0.022000000000000002,
  "justin jefferson": 0.08449999999999999,
  "jordan love": 0.004,
  "drake maye": 0.048,
  "caleb williams": 0.131,
  "josh jacobs": 0.14300000000000002,
  "geno smith": 0.027000000000000003,
  "nico collins": 0.0797,
  "jamarr chase": 0.0669,
  "aaron rodgers": 0.015,
  "chase brown": 0.07400000000000001,
  "sam darnold": 0.025,
  "daniel jones": 0.055,
  "jordan mason": 0.278,
  "cj stroud": 0.013000000000000001,
  "trevor lawrence": 0.0089,
  "javonte williams": 0.1235,
  "jake browning": 0.008,
  "garrett wilson": 0.09880000000000001,
  "cam ward": 0.005,
  "joe flacco": 0.0103,
  "bryce young": 0.009000000000000001,
  "davante adams": 0.0843,
  "michael penix": 0.028999999999999998,
  "trey mcbride": 0.172,
  "tyrod taylor": 0.009000000000000001,
  "chuba hubbard": 0.07490000000000001,
  "kyren williams": 0.066,
  "brian thomas": 0.07719999999999999,
  "matthew stafford": 0.006999999999999999,
  "ladd mcconkey": 0.0655,
  "dk metcalf": 0.0874,
  "mike evans": 0.13,
  "deebo samuel": 0.07150000000000001,
  "breece hall": 0.0741,
  "brock bowers": 0.053099999999999994,
  "ashton jeanty": 0.0555,
  "drake london": 0.10529999999999999,
  "tony pollard": 0.125,
  "terry mclaurin": 0.07139999999999999,
  "jaylen warren": 0.127,
  "mac jones": 0.012,
  "rome odunze": 0.16399999999999998,
  "jakobi meyers": 0.129,
  "tetairoa mcmillan": 0.0739,
  "spencer rattler": 0.005,
  "chris olave": 0.08220000000000001,
  "james conner": 0.041100000000000005,
  "carson wentz": 0.086,
  "aj brown": 0.0552,
  "jk dobbins": 0.0429,
  "dandre swift": 0.07780000000000001,
  "ricky pearsall": 0.0688,
  "alvin kamara": 0.045599999999999995,
  "jacory croskeymerritt": 0.048600000000000004,
  "nick chubb": 0.0575,
  "marvin harrison": 0.052300000000000006,
  "keenan allen": 0.125,
  "travis etienne": 0.043,
  "dj moore": 0.0669,
  "calvin ridley": 0.052000000000000005,
  "courtland sutton": 0.0417,
  "devonta smith": 0.055,
  "tee higgins": 0.0333,
  "jerry jeudy": 0.0478,
  "tyler warren": 0.11699999999999999,
  "darnell mooney": 0.0538,
  "cooper kupp": 0.04769999999999999,
  "christian kirk": 0.0322,
  "omarion hampton": 0.0334,
  "emeka egbuka": 0.024900000000000002,
  "juwan johnson": 0.0608,
  "george pickens": 0.0359,
  "rhamondre stevenson": 0.0254,
  "quentin johnston": 0.0378,
  "travis hunter": 0.0242,
  "elic ayomanor": 0.0765,
  "tucker kraft": 0.0382,
  "stefon diggs": 0.038599999999999995,
  "jake ferguson": 0.1,
  "michael pittman": 0.0496,
  "quinshon judkins": 0.0255,
  "rashid shaheed": 0.03,
  "troy franklin": 0.0558,
  "tj hockenson": 0.05,
  "kenneth gainwell": 0.028900000000000002,
  "dallas goedert": 0.0426,
  "cedric tillman": 0.0294,
  "josh downs": 0.0443,
  "treveyon henderson": 0.0104,
  "romeo doubs": 0.029500000000000002,
  "harold fannin": 0.0471,
  "jalen nailor": 0.038900000000000004,
  "calvin austin": 0.040999999999999995,
  "david njoku": 0.032,
  "hunter renfrow": 0.059000000000000004,
  "chig okonkwo": 0.042,
  "hunter henry": 0.0334,
  "zach ertz": 0.037200000000000004,
  "matthew golden": 0.018600000000000002,
  "kyle pitts": 0.0335,
  "adam thielen": 0.0215,
  "trey benson": 0.0147,
  "jonnu smith": 0.0338,
  "dylan sampson": 0.0083,
  "jatavion sanders": 0.035699999999999996,
  "dalton schultz": 0.0336,
  "pat freiermuth": 0.041100000000000005,
  "dyami brown": 0.0265,
  "rachaad white": 0.0076,
  "green bay packers": 0.08800000000000001,
  "cole kmet": 0.0274,
  "marvin mims": 0.0252,
  "seattle seahawks": 0.0602,
  "kayshon boutte": 0.0174,
  "dontayvion wicks": 0.0338,
  "kendrick bourne": 0.0254,
  "bhayshul tuten": 0.0079,
  "cade otton": 0.025099999999999997,
  "minnesota vikings": 0.075,
  "indianapolis colts": 0.0634,
  "atlanta falcons": 0.0767,
  "tampa bay buccaneers": 0.0321,
  "tyler allgeier": 0.0121,
  "brenton strange": 0.0246,
  "jeremy mcnichols": 0.0072,
  "rj harvey": 0.0064,
  "donte thornton": 0.0129,
  "sterling shepard": 0.0216,
  "kavontae turpin": 0.013999999999999999,
  "jerome ford": 0.0032,
  "woody marks": 0.0029,
  "tyler higbee": 0.024700000000000003,
  "jake tonges": 0.0248,
  "alec pierce": 0.009899999999999999,
  "jaylin lane": 0.0187,
  "tyler johnson": 0.015600000000000001,
  "najee harris": 0.0033,
  "philadelphia eagles": 0.008199999999999999,
  "olamide zaccheaus": 0.0175,
  "michael wilson": 0.014199999999999999,
  "washington commanders": 0.0011,
  "houston texans": 0.0571,
  "jacksonville jaguars": 0.018000000000000002,
  "pittsburgh steelers": 0.0169,
  "san francisco ers": 0.0012,
  "david moore": 0.0123,
  "kyle monangai": 0.0028000000000000004,
  "mike gesicki": 0.019,
  "cincinnati bengals": 0.096,
  "new england patriots": 0.0784,
  "brian robinson": 0.0021,
  "george holani": 0.004,
  "los angeles chargers": 0.0006,
  "marquez valdesscantling": 0.0118,
  "arizona cardinals": 0.0026,
  "noah fant": 0.014199999999999999,
  "chris rodriguez": 0.0016,
  "demario douglas": 0.0095,
  "denver broncos": 0.0006,
  "miles sanders": 0.0031,
  "dallas cowboys": 0.0054,
  "tory horton": 0.0121,
  "aj barner": 0.0178,
  "zavier scott": 0.0019,
  "carolina panthers": 0.0070999999999999995,
  "rayray mccloud": 0.0064,
  "chicago bears": 0.0038,
  "braelon allen": 0.0011,
  "los angeles rams": 0.0377,
  "zamir white": 0.0014000000000000002,
  "las vegas raiders": 0.075,
  "luke musgrave": 0.0105,
  "tre tucker": 0.0121,
  "new orleans saints": 0.046799999999999994,
  "mason taylor": 0.0181,
  "tennessee titans": 0.0168,
  "samaje perine": 0.0009,
  "tyler conklin": 0.0126,
  "jalen tolbert": 0.0097,
  "cleveland browns": 0.085,
  "tyler lockett": 0.0025,
  "michael mayer": 0.0077,
  "new york jets": 0.0241,
  "adam trautman": 0.01,
  "tyler badie": 0.001,
  "rico dowdle": 0.001,
  "jayden higgins": 0.0029,
  "parker washington": 0.0034000000000000002,
  "skyy moore": 0.0040999999999999995,
  "mack hollins": 0.0034000000000000002,
  "brandin cooks": 0.0028000000000000004,
  "andrei iosivas": 0.0036,
  "dare ogunbowale": 0.0006,
  "roman wilson": 0.0037,
  "jahan dotson": 0.0036,
  "chris brooks": 0.0009,
  "isaiah davis": 0.0005,
  "xavier hutchinson": 0.0027,
  "elijah arroyo": 0.008100000000000001,
  "luke farrell": 0.0044,
  "blake corum": 0.0004,
  "aj dillon": 0.0003,
  "colston loveland": 0.0063,
  "kendre miller": 0.0005,
  "antonio gibson": 0.0004,
  "julius chestnut": 0.0002,
  "luke mccaffrey": 0.0024,
  "pat bryant": 0.0018,
  "austin hooper": 0.004,
  "derius davis": 0.0007000000000000001,
  "jeremy ruckert": 0.0029,
  "chimere dike": 0.0013,
  "lucas krull": 0.0042,
  "arian smith": 0.0013,
  "allen lazard": 0.0013,
  "dj giddens": 0.0002,
  "darnell washington": 0.0029,
  "gunnar helm": 0.003,
  "luther burden": 0.0006,
  "elijah higgins": 0.0025,
  "jaylin noel": 0.001,
  "isaiah bond": 0.0001,
  "josh oliver": 0.0027,
  "jordan whittington": 0.0009,
  "greg dortch": 0.0004,
  "tez johnson": 0.0002,
  "oronde gadsden": 0.0019,
  "tommy tremble": 0.0019,
  "davis allen": 0.0017000000000000001,
  "adonai mitchell": 0.001,
  "tip reiman": 0.0008,
  "jack bech": 0.0002,
  "luke schoonmaker": 0.0017000000000000001,
  "sean tucker": 0.0,
  "savion williams": 0.0005,
  "lequint allen": 0.0,
  "drew sample": 0.0012,
  "tutu atwell": 0.0004,
  "eric saubert": 0.0012,
  "brevyn spannford": 0.0008,
  "trent sherfield": 0.0003,
  "grant calcaterra": 0.0014000000000000002,
  "kylen granson": 0.0006,
  "jamari thrash": 0.0003,
  "nate adkins": 0.0012,
  "tre harris": 0.0004,
  "hunter luepke": 0.0189,
  "dylan laube": 0.0,
  "van jefferson": 0.0001,