{
  "christian mccaffrey": 0.252,
  "puka nacua": 0.226,
  "omarion hampton": 0.21100000000000002,
  "jakobi meyers": 0.174,
  "ashton jeanty": 0.174,
  "jonathan taylor": 0.16760000000000003,
  "david njoku": 0.159,
  "cam skattebo": 0.1567,
  "tyler warren": 0.153,
  "davante adams": 0.151,
  "drake london": 0.149,
  "kyren williams": 0.146,
  "bucky irving": 0.1454,
  "james cook": 0.14400000000000002,
  "jahmyr gibbs": 0.135,
  "bijan robinson": 0.1346,
  "amonra st brown": 0.13019999999999998,
  "nico collins": 0.127,
  "aj brown": 0.122,
  "brian thomas": 0.122,
  "houston texans": 0.11800000000000001,
  "chris olave": 0.115,
  "saquon barkley": 0.11349999999999999,
  "drake maye": 0.10779999999999999,
  "keenan allen": 0.1069,
  "tony pollard": 0.106,
  "marcus mariota": 0.102,
  "tetairoa mcmillan": 0.10039999999999999,
  "michael pittman": 0.09759999999999999,
  "ricky pearsall": 0.092,
  "jaxson dart": 0.09179999999999999,
  "josh allen": 0.08900000000000001,
  "malik nabers": 0.08869999999999999,
  "josh downs": 0.0876,
  "dandre swift": 0.08710000000000001,
  "jerry jeudy": 0.0868,
  "devonta smith": 0.086,
  "tre tucker": 0.08449999999999999,
  "new england patriots": 0.083,
  "quentin johnston": 0.0803,
  "quinshon judkins": 0.0782,
  "jauan jennings": 0.0779,
  "juwan johnson": 0.0775,
  "alvin kamara": 0.0775,
  "brock bowers": 0.07730000000000001,
  "tennessee titans": 0.0766,
  "ladd mcconkey": 0.076,
  "rome odunze": 0.0739,
  "chuba hubbard": 0.0721,
  "detroit lions": 0.0711,
  "buffalo bills": 0.0699,
  "new york giants": 0.0692,
  "derrick henry": 0.0691,
  "carolina panthers": 0.0689,
  "emeka egbuka": 0.0684,
  "new orleans saints": 0.067,
  "daniel jones": 0.06480000000000001,
  "deebo samuel": 0.0647,
  "sam laporta": 0.0638,
  "zach ertz": 0.061900000000000004,
  "brock purdy": 0.061,
  "justin herbert": 0.0601,
  "hunter henry": 0.056900000000000006,
  "khalil shakir": 0.0567,
  "harold fannin": 0.056299999999999996,
  "dj moore": 0.0558,
  "elic ayomanor": 0.055099999999999996,
  "nick chubb": 0.0546,
  "travis etienne": 0.054299999999999994,
  "zay flowers": 0.0537,
  "patrick mahomes": 0.051399999999999994,
  "los angeles chargers": 0.0507,
  "stefon diggs": 0.050300000000000004,
  "jalen hurts": 0.05,
  "brenton strange": 0.049,
  "atlanta falcons": 0.049,
  "calvin ridley": 0.048,
  "las vegas raiders": 0.0479,
  "wandale robinson": 0.0462,
  "cedric tillman": 0.0454,
  "hunter renfrow": 0.0452,
  "christian kirk": 0.0444,
  "darnell mooney": 0.0444,
  "jameson williams": 0.044199999999999996,
  "dallas goedert": 0.0437,
  "rashid shaheed": 0.0432,
  "dalton kincaid": 0.0431,
  "joe flacco": 0.042800000000000005,
  "travis kelce": 0.0426,
  "geno smith": 0.041299999999999996,
  "lamar jackson": 0.040999999999999995,
  "cj stroud": 0.040999999999999995,
  "kyle pitts": 0.0409,
  "david montgomery": 0.0409,
  "keon coleman": 0.0409,
  "caleb williams": 0.04,
  "dalton schultz": 0.0383,
  "chig okonkwo": 0.0369,
  "sterling shepard": 0.035,
  "xavier worthy": 0.0331,
  "chris rodriguez": 0.0329,
  "mark andrews": 0.0316,
  "tyquan thornton": 0.031400000000000004,
  "baltimore ravens": 0.031,
  "oronde gadsden": 0.031,
  "hollywood brown": 0.031,
  "chicago bears": 0.0296,
  "cole kmet": 0.0287,
  "tampa bay buccaneers": 0.027999999999999997,
  "rhamondre stevenson": 0.0274,
  "joshua palmer": 0.027200000000000002,
  "trevor lawrence": 0.027000000000000003,
  "parker washington": 0.0256,
  "tommy tremble": 0.024399999999999998,
  "jacksonville jaguars": 0.024,
  "adonai mitchell": 0.0235,
  "los angeles rams": 0.0233,
  "theo johnson": 0.0233,
  "michael penix": 0.023,
  "jaylin lane": 0.022400000000000003,
  "treveyon henderson": 0.021400000000000002,
  "cade otton": 0.0213,
  "matthew stafford": 0.021,
  "indianapolis colts": 0.0194,
  "kayshon boutte": 0.019299999999999998,
  "kansas city chiefs": 0.019,
  "jake tonges": 0.0178,
  "isaiah likely": 0.0175,
  "kareem hunt": 0.0174,
  "donte thornton": 0.0172,
  "tyler higbee": 0.0171,
  "cleveland browns": 0.015600000000000001,
  "philadelphia eagles": 0.0152,
  "spencer rattler": 0.013999999999999999,
  "rashod bateman": 0.013600000000000001,
  "olamide zaccheaus": 0.0124,
  "jacory croskeymerritt": 0.0121,
  "kyle juszczyk": 0.012,
  "scott matlock": 0.012,
  "chris moore": 0.0111,
  "washington commanders": 0.011000000000000001,
  "luke mccaffrey": 0.011000000000000001,
  "isiah pacheco": 0.0108,
  "chris godwin": 0.010700000000000001,
  "woody marks": 0.0103,
  "san francisco ers": 0.0098,
  "travis hunter": 0.0097,
  "noah gray": 0.0096,
  "brycen tremayne": 0.0085,
  "tyler allgeier": 0.0085,
  "rico dowdle": 0.008100000000000001,
  "darius slayton": 0.0079,
  "bryce young": 0.0078000000000000005,
  "ray davis": 0.0070999999999999995,
  "dawson knox": 0.006999999999999999,
  "juju smithschuster": 0.0069,
  "kendrick bourne": 0.0068000000000000005,
  "bhayshul tuten": 0.0067,
  "devin singletary": 0.0063,
  "jeremy mcnichols": 0.0058,
  "mack hollins": 0.0058,
  "rayray mccloud": 0.005600000000000001,
  "gunnar helm": 0.0053,
  "dylan sampson": 0.0048,
  "antonio gibson": 0.004699999999999999,
  "tyler conklin": 0.004699999999999999,
  "demario douglas": 0.0046,
  "ben sinnott": 0.0044,
  "david moore": 0.0040999999999999995,
  "chimere dike": 0.004,
  "davis allen": 0.0039000000000000003,
  "hassan haskins": 0.0038,
  "brandin cooks": 0.0038,
  "mitchell evans": 0.0037,
  "luther burden": 0.0036,
  "luke farrell": 0.0034999999999999996,
  "austin hooper": 0.0034000000000000002,
  "tutu atwell": 0.0033,
  "rachaad white": 0.0032,
  "justice hill": 0.0032,
  "jerome ford": 0.0031,
  "colston loveland": 0.0031,
  "ian thomas": 0.0028000000000000004,
  "baker mayfield": 0.0027,
  "brian robinson": 0.0026,
  "jahan dotson": 0.0026,
  "kendre miller": 0.0025,
  "jordan whittington": 0.0025,
  "kalif raymond": 0.002,
  "xavier hutchinson": 0.002,
  "ty johnson": 0.0018,
  "deandre hopkins": 0.0018,
  "dyami brown": 0.0018,
  "blake corum": 0.0017000000000000001,
  "isaac teslaa": 0.0017000000000000001,
  "jared goff": 0.0016,
  "zamir white": 0.0015,
  "jayden higgins": 0.0012,
  "cam ward": 0.001,
  "jaylin noel": 0.001,
  "tre harris": 0.001,
  "kyle monangai": 0.0009,
  "colby parkinson": 0.0009,
  "terrance ferguson": 0.0009,
  "tyler lockett": 0.0008,
  "daniel bellinger": 0.0008,
  "tylan wallace": 0.0007000000000000001,
  "grant calcaterra": 0.0007000000000000001,
  "jamari thrash": 0.0006,
  "curtis samuel": 0.0006,
  "johnny mundt": 0.0006,
  "elijah moore": 0.0006,
  "jack bech": 0.0005,
  "julius chestnut": 0.0004,
  "lequint allen": 0.0004,
  "russell gage": 0.0004,
  "drew ogletree": 0.0004,
  "durham smythe": 0.0004,
  "brock wright": 0.0004,
  "tez johnson": 0.0003,
  "charlie woerner": 0.0003,
  "tucker fisk": 0.0003,
  "jackson hawes": 0.0003,
  "hunter long": 0.0003,
  "devin culp": 0.0003,
  "kyle williams": 0.0002,
  "casey washington": 0.0002,
  "payne durham": 0.0002,
  "charlie kolar": 0.0002,
  "kylen granson": 0.0002,
  "isaiah bond": 0.0001,
  "devaughn vele": 0.0001,
  "brashard smith": 0.0001,
  "dylan laube": 0.0001,
  "dj giddens": 0.0001,
  "ashton dulin": 0.0001,
  "van jefferson": 0.0001,
  "keaton mitchell": 0.0001,
  "devontez walker": 0.0001,
  "jalen royals": 0.0001,
  "mo aliecox": 0.0001,
  "marquez valdesscantling": 0.0001,
  "chris manhertz": 0.0001,
  "jared wiley": 0.0001,
  "will shipley": 0.0,
  "aj dillon": 0.0,
  "dare ogunbowale": 0.0,
  "sean tucker": 0.0,
  "trevor etienne": 0.0,
  "john metchie": 0.0,
  "jalin hyatt": 0.0,
  "roschon johnson": 0.0,
  "devin duvernay": 0.0,
  "anthony gould": 0.0,
  "xavier smith": 0.0,
  "eric gray": 0.0,
  "isaac guerendo": 0.0,
  "tim patrick": 0.0,
  "keandre lambertsmith": 0.0,
  "tyler goodson": 0.0,
  "deandre carter": 0.0,
  "tank bigsby": 0.0,
  "skyy moore": 0.0,
  "jarquez hunter": 0.0,
  "jason brownlee": 0.0,
  "craig reynolds": 0.0,
  "nikko remigio": 0.0,